ลำดับ,Username,ชื่อ-นามสกุล,วันเวลาที่เข้าสู่ระบบ,สถานะ,ช่องทาง
1,ggwp,man asdf1223,13/07/2023 23:24:15,สำเร็จ,Portal รพ.
2,ggwp,man asdf1223,13/07/2023 23:24:07,สำเร็จ,Portal รพ.
3,ggwp,man asdf1223,13/07/2023 23:23:48,สำเร็จ,Portal รพ.
4,ggwp,man asdf1223,13/07/2023 23:13:44,สำเร็จ,Portal รพ.
5,ggwp,man asdf1223,13/07/2023 22:50:51,สำเร็จ,Portal รพ.
6,ggwp,man asdf1223,13/07/2023 22:49:14,สำเร็จ,Portal รพ.
7,ggwp,man asdf1223,13/07/2023 22:47:08,สำเร็จ,Portal รพ.
8,ggwp,man asdf1223,13/07/2023 22:44:48,สำเร็จ,Portal รพ.
9,ggwp,man asdf1223,13/07/2023 22:26:22,สำเร็จ,Portal รพ.
10,ggwp,man asdf1223,13/07/2023 22:18:26,สำเร็จ,Portal รพ.
11,ggwp,man asdf1223,13/07/2023 21:56:25,สำเร็จ,Portal รพ.
12,ggwp,man asdf1223,13/07/2023 21:54:20,สำเร็จ,Portal รพ.
13,ggwp,man asdf1223,13/07/2023 21:32:28,สำเร็จ,Portal รพ.
14,ggwp,man asdf1223,13/07/2023 21:29:52,สำเร็จ,Portal รพ.
15,ggwp,man asdf1223,13/07/2023 20:25:36,สำเร็จ,Portal รพ.
16,ggwp,man asdf1223,13/07/2023 20:21:57,สำเร็จ,Portal รพ.
17,ggwp,man asdf1223,13/07/2023 20:16:42,สำเร็จ,Portal รพ.
18,ggwp,man asdf1223,13/07/2023 20:14:35,สำเร็จ,Portal รพ.
19,ggwp,man asdf1223,13/07/2023 20:12:30,สำเร็จ,Portal รพ.
20,ggwp,man asdf1223,13/07/2023 20:03:43,สำเร็จ,Portal รพ.
21,ggwp,man asdf1223,13/07/2023 18:43:55,สำเร็จ,Portal รพ.
22,ggwp,man asdf1223,13/07/2023 17:21:56,สำเร็จ,Portal รพ.
23,ggwp,man asdf1223,13/07/2023 17:12:33,สำเร็จ,Portal รพ.
24,ggwp,man asdf1223,13/07/2023 17:09:40,สำเร็จ,Portal รพ.
25,ggwp,man asdf1223,13/07/2023 17:09:35,สำเร็จ,Portal รพ.
26,ggwp,man asdf1223,13/07/2023 17:02:37,สำเร็จ,Portal รพ.
27,ggwp,man asdf1223,13/07/2023 16:57:05,สำเร็จ,Portal รพ.
28,ggwp,man asdf1223,13/07/2023 16:51:36,สำเร็จ,Portal รพ.
29,ggwp,man asdf1223,13/07/2023 16:50:26,สำเร็จ,Portal รพ.
30,ggwp,man asdf1223,13/07/2023 16:49:04,สำเร็จ,Portal รพ.
31,ggwp,man asdf1223,13/07/2023 16:41:50,สำเร็จ,Portal รพ.
32,ggwp,man asdf1223,13/07/2023 16:36:14,สำเร็จ,Portal รพ.
33,ggwp,man asdf1223,13/07/2023 16:33:43,สำเร็จ,Portal รพ.
34,ggwp,man asdf1223,13/07/2023 16:27:29,สำเร็จ,Portal รพ.
35,ggwp,man asdf1223,13/07/2023 16:20:00,สำเร็จ,Portal รพ.
36,ggwp,man asdf1223,13/07/2023 16:17:47,สำเร็จ,Portal รพ.
37,ggwp,man asdf1223,13/07/2023 16:16:59,สำเร็จ,Portal รพ.
38,ggwp,man asdf1223,13/07/2023 16:13:56,สำเร็จ,Portal รพ.
39,ggwp,man asdf1223,13/07/2023 16:09:01,สำเร็จ,Portal รพ.
40,ggwp,man asdf1223,13/07/2023 16:07:16,สำเร็จ,Portal รพ.
41,ggwp,man asdf1223,13/07/2023 16:06:05,สำเร็จ,Portal รพ.
42,ggwp,man asdf1223,13/07/2023 16:03:45,สำเร็จ,Portal รพ.
43,ggwp,man asdf1223,13/07/2023 16:03:16,สำเร็จ,Portal รพ.
44,ggwp,man asdf1223,13/07/2023 15:58:10,สำเร็จ,Portal รพ.
45,ggwp,man asdf1223,13/07/2023 15:43:12,สำเร็จ,Portal รพ.
46,ggwp,man asdf1223,13/07/2023 15:35:34,สำเร็จ,Portal รพ.
47,ggwp,man asdf1223,13/07/2023 15:33:28,สำเร็จ,Portal รพ.
48,ggwp,man asdf1223,13/07/2023 15:12:49,สำเร็จ,Portal รพ.
49,ggwp,man asdf1223,13/07/2023 15:08:00,สำเร็จ,Portal รพ.
50,ggwp,man asdf1223,13/07/2023 15:06:18,สำเร็จ,Portal รพ.
51,ggwp,man asdf1223,13/07/2023 14:49:43,สำเร็จ,Portal รพ.
52,ggwp,man asdf1223,13/07/2023 14:47:41,สำเร็จ,Portal รพ.
53,ggwp,man asdf1223,13/07/2023 14:47:13,สำเร็จ,Portal รพ.
54,ggwp,man asdf1223,13/07/2023 14:42:37,สำเร็จ,Portal รพ.
55,ggwp,man asdf1223,13/07/2023 14:36:57,สำเร็จ,Portal รพ.
56,ggwp,man asdf1223,13/07/2023 14:35:58,สำเร็จ,Portal รพ.
57,ggwp,man asdf1223,13/07/2023 14:27:12,สำเร็จ,Portal รพ.
58,ggwp,man asdf1223,13/07/2023 14:23:24,สำเร็จ,Portal รพ.
59,ggwp,man asdf1223,13/07/2023 14:23:23,สำเร็จ,Portal รพ.
60,ggwp,man asdf1223,13/07/2023 14:18:36,สำเร็จ,Portal รพ.
61,ggwp,man asdf1223,13/07/2023 14:14:13,สำเร็จ,Portal รพ.
62,ggwp,man asdf1223,13/07/2023 14:08:09,สำเร็จ,Portal รพ.
63,ggwp,man asdf1223,13/07/2023 14:07:19,สำเร็จ,Portal รพ.
64,ggwp,man asdf1223,13/07/2023 14:06:01,สำเร็จ,Portal รพ.
65,ggwp,man asdf1223,13/07/2023 14:04:52,สำเร็จ,Portal รพ.
66,ggwp,man asdf1223,13/07/2023 14:01:21,สำเร็จ,Portal รพ.
67,ggwp,man asdf1223,13/07/2023 13:59:59,สำเร็จ,Portal รพ.
68,ggwp,man asdf1223,13/07/2023 13:56:51,สำเร็จ,Portal รพ.
69,ggwp,man asdf1223,13/07/2023 13:54:59,สำเร็จ,Portal รพ.
70,ggwp,man asdf1223,13/07/2023 13:52:34,สำเร็จ,Portal รพ.
71,ggwp,man asdf1223,13/07/2023 13:46:49,สำเร็จ,Portal รพ.
72,ggwp,man asdf1223,13/07/2023 13:44:47,สำเร็จ,Portal รพ.
73,ggwp,man asdf1223,13/07/2023 13:17:42,สำเร็จ,Portal รพ.
74,ggwp,man asdf1223,13/07/2023 13:05:14,สำเร็จ,Portal รพ.
75,ggwp,man asdf1223,13/07/2023 13:00:13,สำเร็จ,Portal รพ.
76,ggwp,man asdf1223,13/07/2023 11:56:34,สำเร็จ,Portal รพ.
77,ggwp,man asdf1223,13/07/2023 11:49:21,สำเร็จ,Portal รพ.
78,ggwp,man asdf1223,13/07/2023 11:43:21,สำเร็จ,Portal รพ.
79,ggwp,man asdf1223,13/07/2023 11:29:23,สำเร็จ,Portal รพ.
80,ggwp,man asdf1223,13/07/2023 11:22:07,สำเร็จ,Portal รพ.
81,ggwp,man asdf1223,13/07/2023 11:18:02,สำเร็จ,Portal รพ.
82,ggwp,man asdf1223,13/07/2023 11:12:49,สำเร็จ,Portal รพ.
83,ggwp,man asdf1223,13/07/2023 11:09:15,สำเร็จ,Portal รพ.
84,ggwp,man asdf1223,13/07/2023 10:52:33,สำเร็จ,Portal รพ.
85,ggwp,man asdf1223,13/07/2023 10:48:26,สำเร็จ,Portal รพ.
86,ggwp,man asdf1223,13/07/2023 10:35:52,สำเร็จ,Portal รพ.
87,ggwp,man asdf1223,13/07/2023 10:27:30,สำเร็จ,Portal รพ.
88,ggwp,man asdf1223,13/07/2023 10:24:35,สำเร็จ,Portal รพ.
89,ggwp,man asdf1223,13/07/2023 10:22:37,สำเร็จ,Portal รพ.
90,ggwp,man asdf1223,13/07/2023 10:08:58,สำเร็จ,Portal รพ.
91,ggwp,man asdf1223,13/07/2023 10:05:56,สำเร็จ,Portal รพ.
92,ggwp,man asdf1223,13/07/2023 09:11:20,สำเร็จ,Portal รพ.
93,ggwp,man asdf1223,13/07/2023 09:04:59,สำเร็จ,Portal รพ.
94,ggwp,man asdf1223,13/07/2023 08:41:02,สำเร็จ,Portal รพ.
95,ggwp,man asdf1223,13/07/2023 08:25:44,สำเร็จ,Portal รพ.
96,ggwp,man asdf1223,13/07/2023 07:13:30,สำเร็จ,Portal รพ.
97,ggwp,man asdf1223,13/07/2023 07:01:44,สำเร็จ,Portal รพ.
98,ggwp,man asdf1223,13/07/2023 06:16:51,สำเร็จ,Portal รพ.
99,ggwp,man asdf1223,13/07/2023 05:36:54,สำเร็จ,Portal รพ.
100,ggwp,man asdf1223,13/07/2023 04:26:13,สำเร็จ,Portal รพ.
101,ggwp,man asdf1223,13/07/2023 04:18:41,สำเร็จ,Portal รพ.
102,ggwp,man asdf1223,13/07/2023 04:17:31,สำเร็จ,Portal รพ.
103,ggwp,man asdf1223,13/07/2023 04:12:23,สำเร็จ,Portal รพ.
104,ggwp,man asdf1223,13/07/2023 04:00:30,สำเร็จ,Portal รพ.
105,ggwp,man asdf1223,13/07/2023 03:52:06,สำเร็จ,Portal รพ.
106,ggwp,man asdf1223,13/07/2023 03:39:58,สำเร็จ,Portal รพ.
107,ggwp,man asdf1223,13/07/2023 03:29:42,สำเร็จ,Portal รพ.
108,ggwp,man asdf1223,13/07/2023 03:29:07,สำเร็จ,Portal รพ.
109,ggwp,man asdf1223,13/07/2023 03:19:40,สำเร็จ,Portal รพ.
110,ggwp,man asdf1223,13/07/2023 02:36:20,สำเร็จ,
111,ggwp,man asdf1223,13/07/2023 02:36:15,สำเร็จ,
112,ggwp,man asdf1223,13/07/2023 02:35:53,สำเร็จ,
113,ggwp,man asdf1223,13/07/2023 02:35:47,สำเร็จ,
114,ggwp,man asdf1223,13/07/2023 02:34:20,สำเร็จ,Portal รพ.
115,ggwp,man asdf1223,13/07/2023 00:35:08,สำเร็จ,Portal รพ.
116,ggwp,man asdf1223,13/07/2023 00:34:33,สำเร็จ,Portal รพ.
117,ggwp,man asdf1223,13/07/2023 00:33:16,สำเร็จ,Portal รพ.
118,ggwp,man asdf1223,13/07/2023 00:30:31,สำเร็จ,Portal รพ.
119,ggwp,man asdf1223,13/07/2023 00:29:08,สำเร็จ,Portal รพ.
120,ggwp,man asdf1223,13/07/2023 00:25:49,สำเร็จ,Portal รพ.
121,ggwp,man asdf1223,13/07/2023 00:24:35,สำเร็จ,Portal รพ.
122,ggwp,man asdf1223,13/07/2023 00:23:01,สำเร็จ,Portal รพ.
123,ggwp,man asdf1223,13/07/2023 00:20:26,สำเร็จ,Portal รพ.
124,ggwp,man asdf1223,13/07/2023 00:13:19,สำเร็จ,Portal รพ.
125,ggwp,man asdf1223,13/07/2023 00:10:07,สำเร็จ,Portal รพ.
126,ggwp,man asdf1223,13/07/2023 00:04:08,สำเร็จ,Portal รพ.
127,ggwp,man asdf1223,12/07/2023 23:57:35,สำเร็จ,Portal รพ.
128,ggwp,man asdf1223,12/07/2023 23:55:57,สำเร็จ,Portal รพ.
129,ggwp,man asdf1223,12/07/2023 23:50:10,สำเร็จ,Portal รพ.
130,ggwp,man asdf1223,12/07/2023 23:49:05,สำเร็จ,Portal รพ.
131,ggwp,man asdf1223,12/07/2023 23:46:55,สำเร็จ,Portal รพ.
132,ggwp,man asdf1223,12/07/2023 23:45:05,สำเร็จ,Portal รพ.
133,ggwp,man asdf1223,12/07/2023 23:42:47,สำเร็จ,Portal รพ.
134,ggwp,man asdf1223,12/07/2023 23:41:26,สำเร็จ,Portal รพ.
135,ggwp,man asdf1223,12/07/2023 23:35:59,สำเร็จ,Portal รพ.
136,ggwp,man asdf1223,12/07/2023 23:32:53,สำเร็จ,Portal รพ.
137,ggwp,man asdf1223,12/07/2023 23:27:22,สำเร็จ,Portal รพ.
138,ggwp,man asdf1223,12/07/2023 23:24:45,สำเร็จ,Portal รพ.
139,ggwp,man asdf1223,12/07/2023 23:09:15,สำเร็จ,Portal รพ.
140,ggwp,man asdf1223,12/07/2023 23:06:58,สำเร็จ,Portal รพ.
141,ggwp,man asdf1223,12/07/2023 23:00:55,สำเร็จ,Portal รพ.
142,ggwp,man asdf1223,12/07/2023 22:56:01,สำเร็จ,Portal รพ.
143,ggwp,man asdf1223,12/07/2023 22:52:36,สำเร็จ,Portal รพ.
144,ggwp,man asdf1223,12/07/2023 22:49:56,สำเร็จ,Portal รพ.
145,ggwp,man asdf1223,12/07/2023 22:48:51,สำเร็จ,Portal รพ.
146,ggwp,man asdf1223,12/07/2023 22:46:01,สำเร็จ,Portal รพ.
147,ggwp,man asdf1223,12/07/2023 22:45:33,สำเร็จ,Portal รพ.
148,ggwp,man asdf1223,12/07/2023 22:45:03,สำเร็จ,Portal รพ.
149,ggwp,man asdf1223,12/07/2023 22:43:40,สำเร็จ,Portal รพ.
150,ggwp,man asdf1223,12/07/2023 22:41:24,สำเร็จ,Portal รพ.
151,ggwp,man asdf1223,12/07/2023 22:38:51,สำเร็จ,Portal รพ.
152,ggwp,man asdf1223,12/07/2023 22:12:50,สำเร็จ,Portal รพ.
153,ggwp,man asdf1223,12/07/2023 22:12:50,สำเร็จ,Portal รพ.
154,ggwp,man asdf1223,12/07/2023 22:12:15,สำเร็จ,Portal รพ.
155,ggwp,man asdf1223,12/07/2023 22:09:44,สำเร็จ,Portal รพ.
156,ggwp,man asdf1223,12/07/2023 22:07:29,สำเร็จ,Portal รพ.
157,ggwp,man asdf1223,12/07/2023 22:03:46,สำเร็จ,Portal รพ.
158,ggwp,man asdf1223,12/07/2023 22:01:00,สำเร็จ,Portal รพ.
159,ggwp,man asdf1223,12/07/2023 22:00:06,สำเร็จ,Portal รพ.
160,ggwp,man asdf1223,12/07/2023 21:59:51,สำเร็จ,Portal รพ.
161,ggwp,man asdf1223,12/07/2023 21:59:33,สำเร็จ,Portal รพ.
162,ggwp,man asdf1223,12/07/2023 21:58:12,สำเร็จ,Portal รพ.
163,ggwp,man asdf1223,12/07/2023 21:57:56,สำเร็จ,Portal รพ.
164,ggwp,man asdf1223,12/07/2023 21:56:52,สำเร็จ,Portal รพ.
165,ggwp,man asdf1223,12/07/2023 21:54:41,สำเร็จ,Portal รพ.
166,ggwp,man asdf1223,12/07/2023 21:52:24,สำเร็จ,Portal รพ.
167,ggwp,man asdf1223,12/07/2023 21:40:50,สำเร็จ,Portal รพ.
168,ggwp,man asdf1223,12/07/2023 21:32:09,สำเร็จ,Portal รพ.
169,ggwp,man asdf1223,12/07/2023 21:31:02,สำเร็จ,Portal รพ.
170,ggwp,man asdf1223,12/07/2023 21:29:22,สำเร็จ,Portal รพ.
171,ggwp,man asdf1223,12/07/2023 21:28:55,สำเร็จ,Portal รพ.
172,ggwp,man asdf1223,12/07/2023 21:28:55,สำเร็จ,Portal รพ.
173,ggwp,man asdf1223,12/07/2023 21:28:54,สำเร็จ,Portal รพ.
174,ggwp,man asdf1223,12/07/2023 21:19:06,สำเร็จ,Portal รพ.
175,ggwp,man asdf1223,12/07/2023 21:07:43,สำเร็จ,Portal รพ.
176,ggwp,man asdf1223,12/07/2023 21:05:53,สำเร็จ,Portal รพ.
177,ggwp,man asdf1223,12/07/2023 21:00:14,สำเร็จ,Portal รพ.
178,ggwp,man asdf1223,12/07/2023 19:09:00,สำเร็จ,Portal รพ.
179,ggwp,man asdf1223,12/07/2023 19:06:11,สำเร็จ,Portal รพ.
180,ggwp,man asdf1223,12/07/2023 19:03:33,สำเร็จ,Portal รพ.
181,ggwp,man asdf1223,12/07/2023 18:59:29,สำเร็จ,Portal รพ.
182,ggwp,man asdf1223,12/07/2023 18:54:08,สำเร็จ,Portal รพ.
183,ggwp,man asdf1223,12/07/2023 18:49:06,สำเร็จ,Portal รพ.
184,ggwp,man asdf1223,12/07/2023 18:41:51,สำเร็จ,Portal รพ.
185,ggwp,man asdf1223,12/07/2023 18:37:46,สำเร็จ,Portal รพ.
186,ggwp,man asdf1223,12/07/2023 18:35:21,สำเร็จ,Portal รพ.
187,ggwp,man asdf1223,12/07/2023 18:31:46,สำเร็จ,Portal รพ.
188,ggwp,man asdf1223,12/07/2023 17:55:25,สำเร็จ,
189,ggwp,man asdf1223,12/07/2023 17:55:01,สำเร็จ,Portal รพ.
190,ggwp," ",12/07/2023 17:51:48,สำเร็จ,
191,ggwp," ",12/07/2023 17:47:43,สำเร็จ,
192,ggwp," ",12/07/2023 17:47:38,สำเร็จ,
193,ggwp," ",12/07/2023 17:47:37,สำเร็จ,
194,ggwp," ",12/07/2023 17:47:36,สำเร็จ,
195,ggwp," ",12/07/2023 17:47:36,สำเร็จ,
196,ggwp," ",12/07/2023 17:47:35,สำเร็จ,
197,ggwp," ",12/07/2023 17:47:35,สำเร็จ,
198,ggwp," ",12/07/2023 17:47:34,สำเร็จ,
199,ggwp," ",12/07/2023 17:46:36,สำเร็จ,
200,ggwp," ",12/07/2023 17:42:22,สำเร็จ,
201,ggwp,man asdf1223,12/07/2023 17:40:10,สำเร็จ,Portal รพ.
202,ggwp,man asdf1223,12/07/2023 17:28:39,สำเร็จ,Portal รพ.
203,ggwp,man asdf1223,12/07/2023 17:24:12,สำเร็จ,Portal รพ.
204,ggwp,man asdf1223,12/07/2023 17:20:29,สำเร็จ,Portal รพ.
205,ggwp,man asdf1223,12/07/2023 17:17:17,สำเร็จ,Portal รพ.
206,ggwp,man asdf1223,12/07/2023 17:14:01,สำเร็จ,Portal รพ.
207,ggwp,man asdf1223,12/07/2023 17:13:52,สำเร็จ,Portal รพ.
208,ggwp,man asdf1223,12/07/2023 17:11:09,สำเร็จ,Portal รพ.
209,ggwp,man asdf1223,12/07/2023 16:57:40,สำเร็จ,Portal รพ.
210,ggwp,man asdf1223,12/07/2023 16:46:56,สำเร็จ,Portal รพ.
211,ggwp,man asdf1223,12/07/2023 16:23:08,สำเร็จ,Portal รพ.
212,ggwp,man asdf1223,12/07/2023 16:20:06,สำเร็จ,Portal รพ.
213,ggwp,man asdf1223,12/07/2023 16:15:08,สำเร็จ,Portal รพ.
214,ggwp,man asdf1223,12/07/2023 15:43:41,สำเร็จ,Portal รพ.
215,ggwp,man asdf1223,12/07/2023 15:32:30,สำเร็จ,Portal รพ.
216,ggwp,man asdf1223,12/07/2023 15:26:57,สำเร็จ,Portal รพ.
217,ggwp,man asdf1223,12/07/2023 15:13:17,สำเร็จ,Portal รพ.
218,ggwp,man asdf1223,12/07/2023 15:13:01,สำเร็จ,Portal รพ.
219,ggwp,man asdf1223,12/07/2023 15:11:50,สำเร็จ,Portal รพ.
220,ggwp,man asdf1223,12/07/2023 15:06:21,สำเร็จ,Portal รพ.
221,ggwp,man asdf1223,12/07/2023 15:01:43,สำเร็จ,Portal รพ.
222,ggwp,man asdf1223,12/07/2023 15:00:09,สำเร็จ,Portal รพ.
223,ggwp,man asdf1223,12/07/2023 14:56:04,สำเร็จ,Portal รพ.
224,ggwp,man asdf1223,12/07/2023 14:55:25,สำเร็จ,Portal รพ.
225,ggwp,man asdf1223,12/07/2023 14:53:55,สำเร็จ,Portal รพ.
226,ggwp,man asdf1223,12/07/2023 14:44:28,สำเร็จ,Portal รพ.
227,ggwp,man asdf1223,12/07/2023 14:35:57,สำเร็จ,Portal รพ.
228,ggwp,man asdf1223,12/07/2023 14:26:23,สำเร็จ,Portal รพ.
229,ggwp,man asdf1223,12/07/2023 14:23:05,สำเร็จ,Portal รพ.
230,ggwp,man asdf1223,12/07/2023 14:19:19,สำเร็จ,Portal รพ.
231,ggwp,man asdf1223,12/07/2023 14:17:47,สำเร็จ,Portal รพ.
232,ggwp,man asdf1223,12/07/2023 13:58:54,สำเร็จ,Portal รพ.
233,ggwp,man asdf1223,12/07/2023 13:53:16,สำเร็จ,Portal รพ.
234,ggwp,man asdf1223,12/07/2023 13:52:27,สำเร็จ,Portal รพ.
235,ggwp,man asdf1223,12/07/2023 13:48:41,สำเร็จ,Portal รพ.
236,ggwp,man asdf1223,12/07/2023 13:43:44,สำเร็จ,Portal รพ.
237,ggwp,man asdf1223,12/07/2023 13:43:06,สำเร็จ,Portal รพ.
238,ggwp,man asdf1223,12/07/2023 13:38:34,สำเร็จ,Portal รพ.
239,ggwp,man asdf1223,12/07/2023 13:37:22,สำเร็จ,Portal รพ.
240,ggwp,man asdf1223,12/07/2023 13:36:10,สำเร็จ,Portal รพ.
241,ggwp,man asdf1223,12/07/2023 13:34:41,สำเร็จ,Portal รพ.
242,ggwp,man asdf1223,12/07/2023 13:32:28,สำเร็จ,Portal รพ.
243,ggwp,man asdf1223,12/07/2023 13:30:33,สำเร็จ,Portal รพ.
244,ggwp,man asdf1223,12/07/2023 13:27:28,สำเร็จ,Portal รพ.
245,ggwp,man asdf1223,12/07/2023 13:27:27,สำเร็จ,Portal รพ.
246,ggwp,man asdf1223,12/07/2023 12:11:05,สำเร็จ,Portal รพ.
247,ggwp,man asdf1223,12/07/2023 12:09:18,สำเร็จ,Portal รพ.
248,ggwp,man asdf1223,12/07/2023 12:04:39,สำเร็จ,Portal รพ.
249,ggwp,man asdf1223,12/07/2023 11:56:48,สำเร็จ,Portal รพ.
250,ggwp,man asdf1223,12/07/2023 11:27:13,สำเร็จ,Portal รพ.
251,ggwp,man asdf1223,12/07/2023 11:20:19,สำเร็จ,Portal รพ.
252,ggwp,man asdf1223,12/07/2023 11:13:26,สำเร็จ,Portal รพ.
253,ggwp,man asdf1223,12/07/2023 11:12:55,สำเร็จ,Portal รพ.
254,ggwp,man asdf1223,12/07/2023 11:08:18,สำเร็จ,Portal รพ.
255,ggwp,man asdf1223,12/07/2023 11:07:48,สำเร็จ,Portal รพ.
256,ggwp,man asdf1223,12/07/2023 11:02:28,สำเร็จ,
257,ggwp,man asdf1223,12/07/2023 10:58:57,สำเร็จ,Portal รพ.
258,ggwp,man asdf1223,12/07/2023 10:53:36,สำเร็จ,Portal รพ.
259,ggwp,man asdf1223,12/07/2023 10:45:29,สำเร็จ,Portal รพ.
260,ggwp,man asdf1223,12/07/2023 10:44:22,สำเร็จ,Portal รพ.
261,ggwp,man asdf1223,12/07/2023 10:43:29,สำเร็จ,Portal รพ.
262,ggwp,man asdf1223,12/07/2023 10:39:47,สำเร็จ,Portal รพ.
263,ggwp,man asdf1223,12/07/2023 10:27:42,สำเร็จ,Portal รพ.
264,ggwp,man asdf1223,12/07/2023 10:22:50,สำเร็จ,Portal รพ.
265,ggwp,man asdf1223,12/07/2023 10:10:04,สำเร็จ,Portal รพ.
266,ggwp,man asdf1223,12/07/2023 10:03:23,สำเร็จ,Portal รพ.
267,ggwp,man asdf1223,12/07/2023 09:54:58,สำเร็จ,Portal รพ.
268,ggwp,man asdf1223,12/07/2023 09:54:24,สำเร็จ,Portal รพ.
269,ggwp,man asdf1223,12/07/2023 09:36:58,สำเร็จ,Portal รพ.
270,ggwp,man asdf1223,12/07/2023 09:31:35,สำเร็จ,Portal รพ.
271,ggwp,man asdf1223,12/07/2023 09:15:56,สำเร็จ,Portal รพ.
272,ggwp,man asdf1223,12/07/2023 09:02:18,สำเร็จ,Portal รพ.
273,ggwp,man asdf1223,12/07/2023 08:53:59,สำเร็จ,Portal รพ.
274,ggwp,man asdf1223,12/07/2023 08:27:51,สำเร็จ,Portal รพ.
275,ggwp,man asdf1223,12/07/2023 07:11:37,สำเร็จ,Portal รพ.
276,ggwp,man asdf1223,12/07/2023 06:49:16,สำเร็จ,Portal รพ.
277,ggwp,man asdf1223,12/07/2023 06:43:07,สำเร็จ,Portal รพ.
278,ggwp,man asdf1223,12/07/2023 06:34:55,สำเร็จ,Portal รพ.
279,ggwp,man asdf1223,12/07/2023 06:19:56,สำเร็จ,Portal รพ.
280,ggwp,man asdf1223,12/07/2023 05:06:12,สำเร็จ,Portal รพ.
281,ggwp,man asdf1223,12/07/2023 04:30:09,สำเร็จ,Portal รพ.
282,ggwp,man asdf1223,12/07/2023 04:26:20,สำเร็จ,Portal รพ.
283,ggwp,man asdf1223,12/07/2023 04:12:57,สำเร็จ,Portal รพ.
284,ggwp,man asdf1223,12/07/2023 04:01:30,สำเร็จ,Portal รพ.
285,ggwp,man asdf1223,12/07/2023 03:40:27,สำเร็จ,Portal รพ.
286,ggwp,man asdf1223,12/07/2023 03:35:48,สำเร็จ,Portal รพ.
287,ggwp,man asdf1223,12/07/2023 03:34:26,สำเร็จ,Portal รพ.
288,ggwp,man asdf1223,12/07/2023 03:32:08,สำเร็จ,Portal รพ.
289,ggwp,man asdf1223,12/07/2023 03:29:23,สำเร็จ,Portal รพ.
290,ggwp,man asdf1223,12/07/2023 03:11:10,สำเร็จ,Portal รพ.
291,ggwp,man asdf1223,12/07/2023 03:05:17,สำเร็จ,Portal รพ.
292,ggwp,man asdf1223,12/07/2023 02:59:02,สำเร็จ,Portal รพ.
293,ggwp,man asdf1223,12/07/2023 02:11:12,สำเร็จ,Portal รพ.
294,ggwp,man asdf1223,12/07/2023 02:11:00,สำเร็จ,Portal รพ.
295,ggwp,man asdf1223,12/07/2023 01:59:50,สำเร็จ,Portal รพ.
